User ID,Subscription Type,Join Date,Last Payment Date,Country,Age,Gender
1,Mounth,2022-01,10/06/2023,United States,28,Male
2,Year,2021-09,22/06/2023,Canada,35,Female
3,Mounth,2023-02,27/06/2023,United Kingdom,42,Male
4,Mounth,2022-07,26/06/2023,Australia,51,Female
5,Mounth,2023-05,28/06/2023,Germany,33,Male
6,Mounth,2022-03,27/06/2023,France,29,Female
7,Mounth,2021-12,25/06/2023,Brazil,46,Male
8,Year,2023-04,24/06/2023,Mexico,39,Female
9,Mounth,2022-10,23/06/2023,Spain,37,Male
10,Year,2023-01,22/06/2023,Italy,44,Female
11,Year,2022-05,22/06/2023,United States,31,Female
12,Mounth,2023-03,28/06/2023,Canada,45,Male
13,Year,2021-11,27/06/2023,United Kingdom,48,Female
14,Year,2022-08,26/06/2023,Australia,27,Male
15,Mounth,2023-05,28/06/2023,Germany,38,Female
16,Mounth,2022-04,27/06/2023,France,36,Male
17,Mounth,2022-01,25/06/2023,Brazil,30,Female
18,Mounth,2021-10,24/06/2023,Mexico,43,Male
19,Mounth,2023-02,23/06/2023,Spain,32,Female
20,Mounth,2023-05,22/06/2023,Italy,41,Male
21,Mounth,2023-06,22/06/2023,United States,26,Female
22,Mounth,2022-07,28/06/2023,Canada,34,Male
23,Year,2021-12,27/06/2023,United Kingdom,49,Female
24,Year,2022-04,26/06/2023,Australia,31,Male
25,Year,2023-03,28/06/2023,Germany,40,Female
26,Year,2022-01,27/06/2023,France,29,Male
27,Mounth,2022-08,25/06/2023,Brazil,47,Female
28,Year,2021-09,24/06/2023,Mexico,33,Male
29,Mounth,2022-12,23/06/2023,Spain,36,Female
30,Year,2023-05,22/06/2023,Italy,42,Male
31,Mounth,2023-02,22/06/2023,United States,28,Female
32,Year,2022-07,28/06/2023,Canada,37,Male
33,Mounth,2022-01,27/06/2023,United Kingdom,41,Female
34,Mounth,2022-05,26/06/2023,Australia,29,Male
35,Mounth,2023-04,28/06/2023,Germany,39,Female
36,Mounth,2022-03,27/06/2023,France,35,Male
37,Year,2022-09,25/06/2023,Brazil,45,Female
38,Year,2021-11,24/06/2023,Mexico,32,Male
39,Year,2022-12,23/06/2023,Spain,27,Female
40,Mounth,2023-03,22/06/2023,Italy,48,Male
41,Mounth,2023-01,22/06/2023,United States,31,Female
42,Mounth,2022-06,28/06/2023,Canada,40,Male
43,Year,2022-02,27/06/2023,United Kingdom,36,Female
44,Year,2022-04,26/06/2023,Australia,29,Male
45,Year,2023-01,28/06/2023,Germany,43,Female
46,Mounth,2022-02,27/06/2023,France,34,Male
47,Mounth,2022-10,25/06/2023,Brazil,39,Female
48,Mounth,2021-09,24/06/2023,Mexico,32,Male
49,Mounth,2022-11,23/06/2023,Spain,28,Female
50,Mounth,2023-06,22/06/2023,Italy,45,Male
51,Mounth,2023-02,22/06/2023,United States,30,Female
52,Year,2022-08,28/06/2023,Canada,37,Male
53,Year,2022-01,27/06/2023,United Kingdom,41,Female
54,Mounth,2022-06,26/06/2023,Australia,29,Male
55,Mounth,2023-04,28/06/2023,Germany,39,Female
56,Year,2022-03,27/06/2023,France,36,Male
57,Year,2022-10,25/06/2023,Brazil,46,Female
58,Mounth,2021-10,24/06/2023,Mexico,34,Male
59,Mounth,2022-12,23/06/2023,Spain,27,Female
60,Year,2023-06,22/06/2023,Italy,42,Male
61,Mounth,2023-02,22/06/2023,United States,28,Female
62,Mounth,2022-08,28/06/2023,Canada,37,Male
63,Mounth,2022-02,27/06/2023,United Kingdom,41,Female
64,Mounth,2022-06,26/06/2023,Australia,29,Male
65,Mounth,2023-03,28/06/2023,Germany,40,Female
66,Year,2022-01,27/06/2023,France,29,Male
67,Mounth,2022-09,25/06/2023,Brazil,47,Female
68,Mounth,2021-11,24/06/2023,Mexico,33,Male
69,Year,2022-12,23/06/2023,Spain,36,Female
70,Mounth,2023-05,22/06/2023,Italy,41,Male
71,Mounth,2022-01,20/06/2023,United States,27,Male
72,Year,2022-10,22/06/2023,Canada,31,Female
73,Year,2022-09,26/06/2023,United Kingdom,28,Female
74,Year,2022-12,25/06/2023,Australia,41,Female
75,Mounth,2022-05,26/06/2023,Germany,28,Female
76,Mounth,2021-12,26/06/2023,France,51,Female
77,Mounth,2022-12,23/06/2023,Brazil,45,Female
78,Year,2022-11,28/06/2023,Mexico,49,Male
79,Mounth,2022-12,25/06/2023,Spain,43,Female
80,Mounth,2022-11,22/06/2023,Italy,43,Male
81,Mounth,2023-01,24/06/2023,United States,37,Male
82,Mounth,2022-12,28/06/2023,Canada,35,Male
83,Year,2022-10,26/06/2023,United Kingdom,46,Female
84,Year,2023-04,25/06/2023,Australia,32,Male
85,Year,2023-04,27/06/2023,Germany,37,Female
86,Year,2022-03,25/06/2023,France,29,Female
87,Year,2021-12,23/06/2023,Brazil,45,Male
88,Mounth,2022-09,28/06/2023,Mexico,47,Male
89,Mounth,2022-10,26/06/2023,Spain,39,Male
90,Mounth,2023-02,23/06/2023,Italy,49,Female
91,Year,2022-10,23/06/2023,United States,39,Male
92,Year,2022-01,28/06/2023,Canada,39,Male
93,Year,2022-02,26/06/2023,United Kingdom,35,Male
94,Mounth,2022-03,25/06/2023,Australia,44,Male
95,Mounth,2022-02,25/06/2023,Germany,34,Male
96,Mounth,2022-07,24/06/2023,France,32,Male
97,Year,2022-03,24/06/2023,Brazil,29,Female
98,Year,2022-03,28/06/2023,Mexico,31,Female
99,Mounth,2023-01,24/06/2023,Spain,29,Female
100,Mounth,2023-01,25/06/2023,Italy,35,Male
101,Mounth,2022-10,24/06/2023,United States,46,Female
102,Year,2022-03,28/06/2023,Canada,31,Male
103,Year,2022-04,26/06/2023,United Kingdom,36,Male
104,Year,2022-06,25/06/2023,Australia,38,Male
105,Year,2022-03,27/06/2023,Germany,46,Female
106,Mounth,2022-03,24/06/2023,France,49,Female
107,Mounth,2022-03,24/06/2023,Brazil,29,Female
108,Mounth,2022-05,25/06/2023,Mexico,27,Female
109,Mounth,2023-02,25/06/2023,Spain,35,Female
110,Mounth,2023-01,24/06/2023,Italy,37,Female
111,Mounth,2022-07,27/06/2023,United States,40,Male
112,Mounth,2022-06,28/06/2023,Canada,33,Female
113,Mounth,2022-05,26/06/2023,United Kingdom,37,Male
114,Mounth,2022-11,25/06/2023,Australia,48,Male
115,Mounth,2022-04,25/06/2023,Germany,50,Female
116,Year,2022-05,23/06/2023,France,45,Female
117,Mounth,2021-10,23/06/2023,Brazil,40,Female
118,Mounth,2022-08,27/06/2023,Mexico,33,Male
119,Mounth,2022-09,25/06/2023,Spain,44,Female
120,Year,2022-10,25/06/2023,Italy,30,Female
121,Year,2022-10,24/06/2023,United States,27,Male
122,Year,2022-05,28/06/2023,Canada,51,Male
123,Mounth,2022-05,26/06/2023,United Kingdom,49,Female
124,Mounth,2022-11,25/06/2023,Australia,43,Male
125,Year,2022-08,24/06/2023,Germany,42,Male
126,Mounth,2022-09,23/06/2023,France,45,Male
127,Mounth,2021-11,23/06/2023,Brazil,36,Male
128,Mounth,2022-10,27/06/2023,Mexico,48,Male
129,Year,2022-11,23/06/2023,Spain,38,Male
130,Year,2023-01,23/06/2023,Italy,43,Female
131,Year,2022-10,23/06/2023,United States,47,Male
132,Mounth,2022-06,28/06/2023,Canada,48,Female
133,Mounth,2022-06,26/06/2023,United Kingdom,47,Male
134,Year,2022-11,25/06/2023,Australia,32,Male
135,Mounth,2022-07,26/06/2023,Germany,47,Female
136,Mounth,2022-09,26/06/2023,France,41,Female
137,Mounth,2022-08,22/06/2023,Brazil,49,Male
138,Year,2022-09,23/06/2023,Mexico,28,Male
139,Year,2023-03,23/06/2023,Spain,40,Male
140,Year,2022-05,23/06/2023,Italy,43,Female
141,Mounth,2022-05,27/06/2023,United States,42,Male
142,Mounth,2022-06,22/06/2023,Canada,28,Male
143,Mounth,2022-08,24/06/2023,United Kingdom,30,Female
144,Year,2022-08,26/06/2023,Australia,33,Male
145,Year,2022-05,26/06/2023,Germany,35,Female
146,Year,2022-10,25/06/2023,France,38,Male
147,Mounth,2022-11,24/06/2023,Brazil,49,Female
148,Mounth,2022-11,28/06/2023,Mexico,39,Female
149,Year,2022-11,27/06/2023,Spain,46,Female
150,Mounth,2022-12,23/06/2023,Italy,47,Female
151,Mounth,2022-12,25/06/2023,United States,30,Female
152,Mounth,2022-11,27/06/2023,Canada,33,Female
153,Mounth,2022-12,24/06/2023,United Kingdom,47,Male
154,Mounth,2023-03,27/06/2023,Australia,27,Male
155,Year,2022-11,27/06/2023,Germany,28,Male
156,Year,2022-08,25/06/2023,France,47,Male
157,Year,2022-09,24/06/2023,Brazil,30,Male
158,Mounth,2022-10,28/06/2023,Mexico,47,Female
159,Year,2022-12,26/06/2023,Spain,51,Female
160,Year,2022-10,25/06/2023,Italy,39,Male
161,Year,2022-10,24/06/2023,United States,45,Male
162,Mounth,2022-04,25/06/2023,Canada,31,Male
163,Mounth,2022-04,26/06/2023,United Kingdom,29,Male
164,Year,2022-03,26/06/2023,Australia,42,Female
165,Mounth,2022-05,25/06/2023,Germany,49,Male
166,Mounth,2022-04,26/06/2023,France,42,Male
167,Mounth,2022-04,24/06/2023,Brazil,29,Male
168,Mounth,2022-12,28/06/2023,Mexico,29,Male
169,Mounth,2023-01,26/06/2023,Spain,49,Male
170,Year,2023-01,25/06/2023,Italy,32,Male
171,Mounth,2022-04,24/06/2023,United States,35,Female
172,Year,2022-04,26/06/2023,Canada,39,Female
173,Year,2022-06,25/06/2023,United Kingdom,40,Male
174,Year,2022-04,25/06/2023,Australia,39,Female
175,Mounth,2022-04,26/06/2023,Germany,47,Female
176,Mounth,2022-04,25/06/2023,France,37,Female
177,Year,2022-05,26/06/2023,Brazil,27,Female
178,Mounth,2022-10,26/06/2023,Mexico,49,Female
179,Mounth,2022-12,26/06/2023,Spain,30,Female
180,Mounth,2022-09,25/06/2023,Italy,36,Male
181,Mounth,2022-06,27/06/2023,United States,33,Male
182,Mounth,2022-05,25/06/2023,Canada,30,Female
183,Year,2022-05,26/06/2023,United Kingdom,36,Female
184,Mounth,2022-04,25/06/2023,Australia,28,Female
185,Mounth,2022-05,25/06/2023,Germany,47,Female
186,Year,2022-03,25/06/2023,France,33,Female
187,Mounth,2022-07,24/06/2023,Brazil,49,Female
188,Year,2022-07,27/06/2023,Mexico,44,Female
189,Year,2022-09,26/06/2023,Spain,47,Male
190,Year,2022-09,26/06/2023,Italy,37,Female
191,Mounth,2022-07,25/06/2023,United States,46,Male
192,Mounth,2022-06,27/06/2023,Canada,50,Female
193,Year,2022-08,25/06/2023,United Kingdom,50,Male
194,Mounth,2022-08,27/06/2023,Australia,37,Male
195,Mounth,2022-08,24/06/2023,Germany,50,Female
196,Mounth,2022-06,24/06/2023,France,45,Female
197,Mounth,2022-09,23/06/2023,Brazil,45,Male
198,Year,2022-10,27/06/2023,Mexico,49,Female
199,Mounth,2022-10,25/06/2023,Spain,39,Female
200,Year,2022-10,25/06/2023,Italy,45,Female
201,Year,2022-07,27/06/2023,United States,49,Female
202,Year,2022-06,27/06/2023,Canada,31,Female
203,Mounth,2022-07,24/06/2023,United Kingdom,42,Female
204,Mounth,2022-07,24/06/2023,Australia,37,Male
205,Year,2022-07,25/06/2023,Germany,30,Male
206,Mounth,2022-08,25/06/2023,France,40,Male
207,Mounth,2022-09,24/06/2023,Brazil,45,Female
208,Year,2023-01,23/06/2023,Mexico,36,Female
209,Mounth,2022-12,24/06/2023,Spain,41,Male
210,Year,2022-11,26/06/2023,Italy,49,Female
211,Year,2022-11,27/06/2023,United States,40,Male
212,Year,2022-10,26/06/2023,Canada,36,Male
213,Mounth,2022-09,24/06/2023,United Kingdom,49,Female
214,Mounth,2022-06,28/06/2023,Australia,43,Female
215,Mounth,2022-09,27/06/2023,Germany,50,Female
216,Mounth,2022-10,24/06/2023,France,51,Female
217,Year,2022-11,25/06/2023,Brazil,44,Male
218,Mounth,2022-11,28/06/2023,Mexico,27,Male
219,Year,2022-11,25/06/2023,Spain,46,Female
220,Year,2022-11,27/06/2023,Italy,29,Male
221,Year,2022-11,25/06/2023,United States,47,Male
222,Mounth,2022-12,26/06/2023,Canada,48,Female
223,Mounth,2023-01,25/06/2023,United Kingdom,34,Female
224,Year,2022-11,29/06/2023,Australia,40,Female
225,Mounth,2022-10,27/06/2023,Germany,48,Female
226,Mounth,2022-09,26/06/2023,France,35,Male
227,Mounth,2022-09,24/06/2023,Brazil,51,Female
228,Year,2022-11,27/06/2023,Mexico,39,Male
229,Mounth,2022-11,27/06/2023,Spain,29,Male
230,Year,2022-10,26/06/2023,Italy,51,Male
231,Year,2022-10,24/06/2023,United States,43,Male
232,Year,2022-08,27/06/2023,Canada,28,Male
233,Mounth,2022-07,26/06/2023,United Kingdom,50,Female
234,Mounth,2022-05,27/06/2023,Australia,44,Female
235,Year,2022-05,25/06/2023,Germany,50,Male
236,Mounth,2022-05,26/06/2023,France,39,Female
237,Year,2022-07,25/06/2023,Brazil,46,Female
238,Mounth,2022-07,28/06/2023,Mexico,48,Male
239,Year,2022-12,26/06/2023,Spain,38,Male
240,Year,2022-06,26/06/2023,Italy,38,Male
241,Year,2022-05,27/06/2023,United States,47,Male
242,Mounth,2022-06,26/06/2023,Canada,37,Male
243,Mounth,2022-05,27/06/2023,United Kingdom,33,Male
244,Year,2022-04,26/06/2023,Australia,28,Male
245,Mounth,2022-04,26/06/2023,Germany,47,Male
246,Mounth,2022-05,25/06/2023,France,38,Female
247,Year,2022-07,27/06/2023,Brazil,27,Male
248,Mounth,2022-09,26/06/2023,Mexico,34,Male
249,Year,2022-09,27/06/2023,Spain,42,Female
250,Mounth,2022-08,26/06/2023,Italy,28,Male
251,Year,2022-06,27/06/2023,United States,30,Male
252,Year,2022-05,26/06/2023,Canada,38,Female
253,Year,2022-05,25/06/2023,United Kingdom,45,Female
254,Mounth,2022-05,27/06/2023,Australia,48,Female
255,Mounth,2022-05,26/06/2023,Germany,46,Female
256,Year,2022-05,26/06/2023,France,34,Male
257,Mounth,2022-06,25/06/2023,Brazil,46,Male
258,Mounth,2022-07,28/06/2023,Mexico,41,Female
259,Year,2022-08,26/06/2023,Spain,28,Male
260,Mounth,2022-07,26/06/2023,Italy,27,Female
261,Mounth,2022-07,25/06/2023,United States,27,Female
262,Year,2022-07,26/06/2023,Canada,28,Female
263,Mounth,2022-07,24/06/2023,United Kingdom,46,Male
264,Year,2022-08,27/06/2023,Australia,51,Male
265,Year,2022-08,25/06/2023,Germany,32,Female
266,Year,2022-08,26/06/2023,France,44,Male
267,Mounth,2022-09,27/06/2023,Brazil,44,Female
268,Mounth,2022-10,28/06/2023,Mexico,34,Female
269,Year,2022-10,25/06/2023,Spain,29,Female
270,Mounth,2022-09,25/06/2023,Italy,47,Male
271,Mounth,2022-08,26/06/2023,United States,41,Male
272,Year,2022-08,26/06/2023,Canada,36,Female
273,Mounth,2022-08,25/06/2023,United Kingdom,28,Female
274,Year,2022-08,24/06/2023,Australia,27,Female
275,Mounth,2022-08,25/06/2023,Germany,34,Female
276,Year,2022-08,25/06/2023,France,34,Female
277,Year,2022-09,26/06/2023,Brazil,37,Female
278,Year,2022-09,26/06/2023,Mexico,34,Female
279,Mounth,2022-11,24/06/2023,Spain,50,Female
280,Mounth,2022-11,27/06/2023,Italy,34,Female
281,Year,2022-11,28/06/2023,United States,33,Female
282,Mounth,2022-10,25/06/2023,Canada,33,Male
283,Mounth,2022-06,26/06/2023,United Kingdom,46,Male
284,Year,2022-08,28/06/2023,Australia,39,Female
285,Mounth,2022-09,27/06/2023,Germany,42,Female
286,Year,2022-10,27/06/2023,France,50,Female
287,Mounth,2022-10,26/06/2023,Brazil,43,Male
288,Year,2022-10,28/06/2023,Mexico,51,Male
289,Year,2022-11,25/06/2023,Spain,34,Female
290,Year,2022-11,30/06/2023,Italy,48,Male
291,Mounth,2022-12,27/06/2023,United States,29,Female
292,Mounth,2022-12,27/06/2023,Canada,43,Female
293,Year,2022-12,25/06/2023,United Kingdom,39,Female
294,Mounth,2022-10,29/06/2023,Australia,50,Male
295,Mounth,2022-10,27/06/2023,Germany,45,Male
296,Year,2022-10,27/06/2023,France,48,Female
297,Mounth,2022-11,24/06/2023,Brazil,40,Male
298,Year,2022-11,27/06/2023,Mexico,41,Male
299,Mounth,2022-10,27/06/2023,Spain,27,Male
300,Year,2022-10,28/06/2023,Italy,36,Male
301,Mounth,2022-09,24/06/2023,United States,36,Female
302,Year,2022-09,27/06/2023,Canada,44,Male
303,Year,2022-06,26/06/2023,United Kingdom,45,Male
304,Year,2022-06,29/06/2023,Australia,33,Female
305,Mounth,2022-05,26/06/2023,Germany,47,Male
306,Mounth,2022-07,27/06/2023,France,45,Male
307,Year,2022-07,28/06/2023,Brazil,29,Female
308,Mounth,2022-10,27/06/2023,Mexico,31,Male
309,Mounth,2022-08,28/06/2023,Spain,31,Male
310,Year,2022-06,26/06/2023,Italy,49,Female
311,Mounth,2022-06,27/06/2023,United States,29,Female
312,Year,2022-05,26/06/2023,Canada,50,Male
313,Mounth,2022-05,27/06/2023,United Kingdom,36,Female
314,Year,2022-04,26/06/2023,Australia,28,Male
315,Mounth,2022-04,27/06/2023,Germany,47,Female
316,Year,2022-05,25/06/2023,France,50,Female
317,Year,2022-08,28/06/2023,Brazil,44,Female
318,Year,2022-09,27/06/2023,Mexico,39,Female
319,Mounth,2022-08,26/06/2023,Spain,32,Female
320,Mounth,2022-08,27/06/2023,Italy,30,Female
321,Year,2022-06,27/06/2023,United States,33,Female
322,Mounth,2022-06,27/06/2023,Canada,44,Male
323,Mounth,2022-05,26/06/2023,United Kingdom,40,Male
324,Year,2022-05,27/06/2023,Australia,32,Male
325,Mounth,2022-05,27/06/2023,Germany,32,Male
326,Year,2022-06,27/06/2023,France,30,Male
327,Mounth,2022-07,26/06/2023,Brazil,32,Female
328,Year,2022-07,27/06/2023,Mexico,45,Female
329,Mounth,2022-07,25/06/2023,Spain,35,Female
330,Year,2022-07,26/06/2023,Italy,40,Female
331,Year,2022-07,26/06/2023,United States,29,Female
332,Year,2022-07,26/06/2023,Canada,31,Male
333,Mounth,2022-07,27/06/2023,United Kingdom,43,Female
334,Mounth,2022-07,28/06/2023,Australia,34,Male
335,Year,2022-08,25/06/2023,Germany,47,Female
336,Mounth,2022-09,26/06/2023,France,35,Male
337,Mounth,2022-10,27/06/2023,Brazil,36,Male
338,Year,2022-10,27/06/2023,Mexico,33,Male
339,Mounth,2022-10,25/06/2023,Spain,30,Female
340,Year,2022-09,25/06/2023,Italy,44,Female
341,Mounth,2022-08,26/06/2023,United States,44,Female
342,Year,2022-08,26/06/2023,Canada,41,Female
343,Mounth,2022-08,25/06/2023,United Kingdom,46,Male
344,Year,2022-08,26/06/2023,Australia,42,Female
345,Year,2022-08,25/06/2023,Germany,48,Female
346,Year,2022-08,26/06/2023,France,37,Male
347,Mounth,2022-09,28/06/2023,Brazil,29,Male
348,Mounth,2022-10,26/06/2023,Mexico,30,Male
349,Year,2022-11,26/06/2023,Spain,28,Male
350,Mounth,2022-11,28/06/2023,Italy,44,Female
351,Mounth,2022-11,28/06/2023,United States,34,Female
352,Year,2022-09,26/06/2023,Canada,38,Male
353,Mounth,2022-08,26/06/2023,United Kingdom,34,Female
354,Year,2022-08,28/06/2023,Australia,40,Female
355,Mounth,2022-10,27/06/2023,Germany,32,Female
356,Year,2022-10,30/06/2023,France,38,Male
357,Mounth,2022-10,26/06/2023,Brazil,39,Male
358,Year,2022-11,28/06/2023,Mexico,34,Female
359,Year,2022-11,26/06/2023,Spain,41,Male
360,Year,2022-11,30/06/2023,Italy,43,Female
361,Mounth,2022-11,28/06/2023,United States,36,Female
362,Mounth,2022-12,27/06/2023,Canada,31,Male
363,Year,2022-11,25/06/2023,United Kingdom,47,Female
364,Mounth,2022-10,29/06/2023,Australia,48,Male
365,Mounth,2022-10,27/06/2023,Germany,36,Male
366,Year,2022-10,29/06/2023,France,41,Male
367,Mounth,2022-10,25/06/2023,Brazil,32,Male
368,Year,2022-10,28/06/2023,Mexico,28,Male
369,Mounth,2022-10,27/06/2023,Spain,46,Female
370,Year,2022-10,29/06/2023,Italy,46,Female
371,Mounth,2022-09,25/06/2023,United States,47,Male
372,Year,2022-09,27/06/2023,Canada,31,Female
373,Mounth,2022-06,26/06/2023,United Kingdom,44,Female
374,Year,2022-06,28/06/2023,Australia,39,Female
375,Mounth,2022-06,28/06/2023,Germany,44,Female
376,Year,2022-06,27/06/2023,France,39,Female
377,Year,2022-08,28/06/2023,Brazil,37,Male
378,Year,2022-08,27/06/2023,Mexico,47,Female
379,Mounth,2022-08,28/06/2023,Spain,46,Female
380,Mounth,2022-08,27/06/2023,Italy,27,Female
381,Year,2022-07,27/06/2023,United States,43,Female
382,Mounth,2022-06,26/06/2023,Canada,51,Male
383,Mounth,2022-06,27/06/2023,United Kingdom,49,Male
384,Mounth,2022-05,28/06/2023,Australia,35,Female
385,Year,2022-05,27/06/2023,Germany,44,Male
386,Mounth,2022-07,26/06/2023,France,48,Male
387,Year,2022-07,28/06/2023,Brazil,39,Female
388,Mounth,2022-07,28/06/2023,Mexico,38,Male
389,Year,2022-08,26/06/2023,Spain,45,Male
390,Mounth,2022-07,28/06/2023,Italy,43,Female
391,Year,2022-06,27/06/2023,United States,42,Male
392,Year,2022-06,28/06/2023,Canada,28,Male
393,Year,2022-06,26/06/2023,United Kingdom,40,Male
394,Mounth,2022-05,27/06/2023,Australia,41,Female
395,Mounth,2022-06,26/06/2023,Germany,45,Female
396,Year,2022-06,27/06/2023,France,30,Female
397,Mounth,2022-07,26/06/2023,Brazil,31,Female
398,Year,2022-07,27/06/2023,Mexico,51,Female
399,Mounth,2022-07,25/06/2023,Spain,44,Female
400,Year,2022-07,27/06/2023,Italy,49,Male
401,Mounth,2022-07,26/06/2023,United States,47,Female
402,Year,2022-07,26/06/2023,Canada,42,Male
403,Mounth,2022-07,28/06/2023,United Kingdom,28,Male
404,Year,2022-08,28/06/2023,Australia,28,Male
405,Year,2022-08,26/06/2023,Germany,49,Female
406,Year,2022-08,26/06/2023,France,32,Female
407,Mounth,2022-08,27/06/2023,Brazil,37,Female
408,Mounth,2022-09,27/06/2023,Mexico,37,Female
409,Year,2022-09,25/06/2023,Spain,37,Male
410,Mounth,2022-09,25/06/2023,Italy,37,Male
411,Mounth,2022-09,26/06/2023,United States,48,Female
412,Year,2022-09,26/06/2023,Canada,47,Male
413,Mounth,2022-08,26/06/2023,United Kingdom,41,Female
414,Year,2022-08,27/06/2023,Australia,47,Female
415,Mounth,2022-08,25/06/2023,Germany,39,Female
416,Year,2022-09,26/06/2023,France,28,Male
417,Mounth,2022-09,29/06/2023,Brazil,31,Male
418,Year,2022-10,27/06/2023,Mexico,47,Female
419,Year,2022-10,27/06/2023,Spain,27,Female
420,Year,2022-11,28/06/2023,Italy,28,Male
421,Mounth,2022-10,28/06/2023,United States,33,Male
422,Mounth,2022-09,29/06/2023,Canada,29,Female
423,Year,2022-09,27/06/2023,United Kingdom,41,Male
424,Mounth,2022-09,29/06/2023,Australia,28,Female
425,Mounth,2022-10,27/06/2023,Germany,38,Male
426,Year,2022-10,30/06/2023,France,35,Male
427,Mounth,2022-11,26/06/2023,Brazil,51,Male
428,Year,2022-11,28/06/2023,Mexico,45,Male
429,Mounth,2022-11,26/06/2023,Spain,51,Male
430,Year,2022-11,30/06/2023,Italy,46,Female
431,Mounth,2022-12,28/06/2023,United States,28,Male
432,Year,2022-11,30/06/2023,Canada,46,Female
433,Year,2022-11,25/06/2023,United Kingdom,46,Female
434,Year,2022-10,29/06/2023,Australia,32,Female
435,Mounth,2022-10,28/06/2023,Germany,39,Female
436,Mounth,2022-10,29/06/2023,France,41,Female
437,Year,2022-10,25/06/2023,Brazil,47,Male
438,Mounth,2022-10,28/06/2023,Mexico,35,Male
439,Mounth,2022-10,27/06/2023,Spain,37,Female
440,Year,2022-10,29/06/2023,Italy,47,Male
441,Mounth,2022-10,28/06/2023,United States,48,Female
442,Year,2022-07,27/06/2023,Canada,30,Female
443,Mounth,2022-07,27/06/2023,United Kingdom,36,Male
444,Year,2022-06,28/06/2023,Australia,50,Female
445,Mounth,2022-06,28/06/2023,Germany,41,Male
446,Year,2022-06,28/06/2023,France,46,Female
447,Year,2022-08,28/06/2023,Brazil,36,Female
448,Year,2022-08,27/06/2023,Mexico,48,Male
449,Mounth,2022-08,28/06/2023,Spain,37,Female
450,Mounth,2022-08,27/06/2023,Italy,49,Male
451,Year,2022-07,28/06/2023,United States,31,Female
452,Mounth,2022-06,26/06/2023,Canada,42,Female
453,Mounth,2022-05,28/06/2023,United Kingdom,45,Female
454,Year,2022-05,28/06/2023,Australia,51,Female
455,Mounth,2022-05,27/06/2023,Germany,31,Female
456,Year,2022-06,27/06/2023,France,41,Male
457,Mounth,2022-06,28/06/2023,Brazil,40,Male
458,Year,2022-07,28/06/2023,Mexico,27,Male
459,Mounth,2022-07,27/06/2023,Spain,46,Female
460,Year,2022-06,28/06/2023,Italy,30,Female
461,Year,2022-06,27/06/2023,United States,37,Male
462,Year,2022-06,28/06/2023,Canada,45,Male
463,Mounth,2022-06,26/06/2023,United Kingdom,40,Male
464,Mounth,2022-06,28/06/2023,Australia,45,Male
465,Year,2022-06,26/06/2023,Germany,34,Male
466,Mounth,2022-06,27/06/2023,France,33,Male
467,Mounth,2022-06,26/06/2023,Brazil,47,Female
468,Year,2022-06,27/06/2023,Mexico,32,Male
469,Mounth,2022-06,29/06/2023,Spain,41,Female
470,Year,2022-07,28/06/2023,Italy,31,Female
471,Mounth,2022-07,27/06/2023,United States,43,Male
472,Year,2022-07,27/06/2023,Canada,32,Female
473,Mounth,2022-07,28/06/2023,United Kingdom,46,Female
474,Year,2022-07,28/06/2023,Australia,38,Male
475,Year,2022-08,26/06/2023,Germany,31,Female
476,Year,2022-08,26/06/2023,France,31,Female
477,Mounth,2022-08,27/06/2023,Brazil,50,Male
478,Mounth,2022-09,27/06/2023,Mexico,32,Male
479,Year,2022-09,27/06/2023,Spain,38,Female
480,Mounth,2022-09,27/06/2023,Italy,37,Female
481,Year,2022-09,26/06/2023,United States,36,Male
482,Mounth,2022-08,27/06/2023,Canada,30,Male
483,Year,2022-08,27/06/2023,United Kingdom,28,Male
484,Mounth,2022-08,28/06/2023,Australia,40,Male
485,Year,2022-09,28/06/2023,Germany,28,Female
486,Mounth,2022-09,26/06/2023,France,37,Female
487,Year,2022-10,29/06/2023,Brazil,30,Male
488,Year,2022-10,28/06/2023,Mexico,33,Female
489,Year,2022-10,28/06/2023,Spain,49,Male
490,Mounth,2022-10,29/06/2023,Italy,36,Female
491,Mounth,2022-10,28/06/2023,United States,28,Female
492,Year,2022-09,30/06/2023,Canada,51,Male
493,Mounth,2022-09,27/06/2023,United Kingdom,35,Female
494,Year,2022-09,29/06/2023,Australia,31,Male
495,Mounth,2022-09,27/06/2023,Germany,39,Male
496,Year,2022-10,30/06/2023,France,51,Female
497,Mounth,2022-11,29/06/2023,Brazil,44,Male
498,Year,2022-11,28/06/2023,Mexico,41,Female
499,Mounth,2022-11,26/06/2023,Spain,28,Female
500,Year,2022-11,30/06/2023,Italy,38,Male
501,Year,2022-11,28/06/2023,Spain,43,Male
502,Year,2022-11,30/06/2023,Spain,38,Male
503,Mounth,2022-11,26/06/2023,United States,30,Male
504,Mounth,2022-10,29/06/2023,Canada,32,Female
505,Year,2022-10,28/06/2023,United States,35,Male
506,Mounth,2022-10,29/06/2023,United States,27,Male
507,Mounth,2022-10,26/06/2023,Canada,49,Female
508,Year,2022-10,28/06/2023,United Kingdom,42,Female
509,Mounth,2022-10,28/06/2023,Australia,40,Male
510,Year,2022-10,29/06/2023,Germany,43,Female
511,Mounth,2022-07,28/06/2023,France,44,Female
512,Year,2022-07,28/06/2023,Brazil,32,Male
513,Mounth,2022-07,28/06/2023,Mexico,50,Male
514,Year,2022-07,28/06/2023,Spain,35,Male
515,Year,2022-07,29/06/2023,Italy,44,Female
516,Year,2022-07,28/06/2023,Spain,42,Female
517,Mounth,2022-08,28/06/2023,Spain,34,Female
518,Mounth,2022-08,27/06/2023,United States,37,Female
519,Year,2022-08,28/06/2023,Canada,43,Male
520,Mounth,2022-08,28/06/2023,United States,32,Male
521,Year,2022-06,28/06/2023,United States,33,Female
522,Mounth,2022-06,27/06/2023,Canada,32,Female
523,Year,2022-06,29/06/2023,United Kingdom,41,Male
524,Mounth,2022-06,28/06/2023,Australia,31,Male
525,Year,2022-06,27/06/2023,Germany,44,Male
526,Mounth,2022-06,28/06/2023,France,49,Male
527,Year,2022-07,28/06/2023,Brazil,48,Female
528,Year,2022-07,29/06/2023,Mexico,42,Female
529,Year,2022-07,27/06/2023,Spain,50,Female
530,Mounth,2022-06,28/06/2023,Italy,49,Female
531,Mounth,2022-06,27/06/2023,Spain,30,Female
532,Year,2022-06,28/06/2023,Spain,38,Male
533,Mounth,2022-06,27/06/2023,United States,38,Male
534,Mounth,2022-06,28/06/2023,Canada,39,Female
535,Year,2022-06,29/06/2023,United States,42,Female
536,Mounth,2022-06,29/06/2023,United States,28,Male
537,Year,2022-06,27/06/2023,Canada,38,Male
538,Mounth,2022-06,28/06/2023,United Kingdom,40,Female
539,Year,2022-07,29/06/2023,Australia,30,Female
540,Mounth,2022-07,29/06/2023,Germany,40,Male
541,Year,2022-07,27/06/2023,France,31,Male
542,Year,2022-07,27/06/2023,Brazil,41,Male
543,Year,2022-07,28/06/2023,Mexico,37,Male
544,Mounth,2022-08,28/06/2023,Spain,49,Male
545,Mounth,2022-08,27/06/2023,Italy,29,Male
546,Year,2022-08,26/06/2023,Spain,31,Male
547,Mounth,2022-09,27/06/2023,Spain,39,Male
548,Mounth,2022-09,27/06/2023,United States,51,Female
549,Year,2022-09,27/06/2023,Canada,38,Female
550,Mounth,2022-09,27/06/2023,United States,29,Female
551,Year,2022-09,28/06/2023,United States,41,Female
552,Mounth,2022-08,27/06/2023,Canada,48,Female
553,Year,2022-08,28/06/2023,United Kingdom,39,Male
554,Mounth,2022-08,29/06/2023,Australia,37,Male
555,Year,2022-09,28/06/2023,Germany,37,Female
556,Year,2022-09,27/06/2023,France,34,Male
557,Year,2022-10,29/06/2023,Brazil,37,Male
558,Mounth,2022-10,30/06/2023,Mexico,37,Female
559,Mounth,2022-10,28/06/2023,Spain,51,Female
560,Year,2022-10,29/06/2023,Italy,45,Male
561,Mounth,2022-09,28/06/2023,Spain,29,Female
562,Mounth,2022-09,30/06/2023,Spain,37,Male
563,Year,2022-09,29/06/2023,United States,34,Male
564,Mounth,2022-09,29/06/2023,Canada,35,Male
565,Year,2022-09,27/06/2023,United States,29,Male
566,Mounth,2022-10,01/07/2023,United States,45,Male
567,Year,2022-11,29/06/2023,Canada,36,Male
568,Mounth,2022-11,28/06/2023,United Kingdom,27,Female
569,Year,2022-11,26/06/2023,Australia,31,Female
570,Year,2022-11,30/06/2023,Germany,41,Female
571,Year,2022-11,29/06/2023,France,37,Male
572,Mounth,2022-11,30/06/2023,Brazil,49,Female
573,Mounth,2022-11,27/06/2023,Mexico,37,Female
574,Year,2022-10,29/06/2023,Spain,36,Female
575,Mounth,2022-10,28/06/2023,Italy,38,Female
576,Mounth,2022-10,30/06/2023,Spain,49,Female
577,Year,2022-10,26/06/2023,Spain,31,Male
578,Mounth,2022-10,28/06/2023,United States,29,Female
579,Year,2022-10,28/06/2023,Canada,35,Female
580,Mounth,2022-08,29/06/2023,United States,46,Female
581,Year,2022-08,29/06/2023,United States,29,Female
582,Mounth,2022-07,28/06/2023,Canada,43,Female
583,Year,2022-07,28/06/2023,United Kingdom,38,Female
584,Year,2022-07,28/06/2023,Australia,48,Female
585,Year,2022-07,29/06/2023,Germany,41,Male
586,Mounth,2022-08,29/06/2023,France,51,Female
587,Mounth,2022-08,28/06/2023,Brazil,39,Male
588,Year,2022-08,27/06/2023,Mexico,31,Male
589,Mounth,2022-08,29/06/2023,Spain,28,Male
590,Mounth,2022-07,29/06/2023,Italy,47,Male
591,Year,2022-06,28/06/2023,Spain,35,Female
592,Mounth,2022-06,29/06/2023,Spain,33,Male
593,Year,2022-06,29/06/2023,United States,41,Male
594,Mounth,2022-06,30/06/2023,Canada,38,Female
595,Year,2022-06,28/06/2023,United States,49,Male
596,Mounth,2022-06,28/06/2023,United States,29,Female
597,Year,2022-06,28/06/2023,Canada,50,Male
598,Year,2022-07,29/06/2023,United Kingdom,29,Female
599,Year,2022-07,27/06/2023,Australia,44,Male
600,Mounth,2022-06,29/06/2023,Germany,36,Female
601,Mounth,2022-06,30/06/2023,France,46,Female
602,Year,2022-06,29/06/2023,Brazil,30,Male
603,Mounth,2022-06,27/06/2023,Mexico,46,Female
604,Mounth,2022-06,28/06/2023,Spain,33,Male
605,Year,2022-06,29/06/2023,Italy,46,Female
606,Mounth,2022-06,29/06/2023,Spain,50,Male
607,Year,2022-06,27/06/2023,Spain,27,Female
608,Mounth,2022-06,28/06/2023,United States,48,Female
609,Year,2022-07,29/06/2023,Canada,50,Female
610,Mounth,2022-07,29/06/2023,United States,28,Female
611,Year,2022-07,28/06/2023,United States,29,Female
612,Year,2022-07,27/06/2023,Canada,36,Male
613,Year,2022-07,28/06/2023,United Kingdom,51,Male
614,Mounth,2022-08,28/06/2023,Australia,51,Male
615,Mounth,2022-08,27/06/2023,Germany,43,Male
616,Year,2022-09,27/06/2023,France,38,Female
617,Mounth,2022-09,28/06/2023,Brazil,45,Female
618,Mounth,2022-09,28/06/2023,Mexico,28,Female
619,Year,2022-09,29/06/2023,Spain,27,Male
620,Mounth,2022-09,27/06/2023,Italy,41,Female
621,Year,2022-09,29/06/2023,Spain,49,Male
622,Mounth,2022-08,28/06/2023,Spain,35,Male
623,Year,2022-08,28/06/2023,United States,29,Female
624,Mounth,2022-09,30/06/2023,Canada,42,Male
625,Year,2022-09,28/06/2023,United States,33,Male
626,Year,2022-09,30/06/2023,United States,30,Male
627,Year,2022-09,29/06/2023,Canada,43,Female
628,Mounth,2022-10,01/07/2023,United Kingdom,42,Male
629,Mounth,2022-10,29/06/2023,Australia,39,Male
630,Year,2022-10,30/06/2023,Germany,32,Female
631,Mounth,2022-09,28/06/2023,France,31,Male
632,Mounth,2022-09,01/07/2023,Brazil,39,Male
633,Year,2022-09,29/06/2023,Mexico,41,Female
634,Mounth,2022-09,29/06/2023,Spain,51,Female
635,Year,2022-10,27/06/2023,Italy,29,Male
636,Mounth,2022-10,01/07/2023,Spain,33,Female
637,Year,2022-11,29/06/2023,Spain,51,Female
638,Mounth,2022-11,01/07/2023,United States,38,Male
639,Year,2022-11,28/06/2023,Canada,37,Female
640,Year,2022-11,30/06/2023,United States,50,Female
641,Year,2022-11,29/06/2023,United States,33,Male
642,Mounth,2022-11,01/07/2023,Canada,27,Male
643,Mounth,2022-10,27/06/2023,United Kingdom,50,Female
644,Year,2022-10,29/06/2023,Australia,47,Female
645,Mounth,2022-10,29/06/2023,Germany,41,Male
646,Mounth,2022-10,30/06/2023,France,49,Female
647,Year,2022-10,28/06/2023,Brazil,32,Male
648,Mounth,2022-10,28/06/2023,Mexico,38,Female
649,Year,2022-08,29/06/2023,Spain,38,Female
650,Mounth,2022-08,29/06/2023,Italy,28,Female
651,Year,2022-08,29/06/2023,Spain,31,Male
652,Mounth,2022-08,29/06/2023,Spain,39,Female
653,Year,2022-07,29/06/2023,United States,28,Female
654,Year,2022-07,28/06/2023,Canada,30,Female
655,Year,2022-07,29/06/2023,United States,42,Male
656,Mounth,2022-07,29/06/2023,United States,33,Female
657,Mounth,2022-08,29/06/2023,Canada,34,Female
658,Year,2022-08,29/06/2023,United Kingdom,49,Female
659,Mounth,2022-08,29/06/2023,Australia,41,Male
660,Mounth,2022-06,29/06/2023,Germany,28,Male
